{
    "xsappname"     : "SpringMVCSecurityApp-C5251932",
    "scopes"        : [
                        {
                          "name"                 : "$XSAPPNAME.Display",
                          "description"          : "Display"
                        },
                        {
                          "name"                 : "$XSAPPNAME.Update",
                          "description"          : "Update"
                        }
                      ],
    "role-templates": [
                        {
                          "name"                 : "USER",
                          "description"          : "USER",
                          "scope-references"     : [
                                                     "$XSAPPNAME.Display"             
                                                   ]                                            
                        },
                        {
                          "name"                 : "ADMIN",
                          "description"          : "ADMIN",
                          "scope-references"     : [
                                                     "$XSAPPNAME.Display",             
                                                     "$XSAPPNAME.Update"             
                                                   ]                                            
                        }
    ]
}