{
	"welcomeFile":"index.html",
  	"logout":  {
    "logoutEndpoint":  "/loginPage?logout"
 	 },
	"routes": [
	 {
		"source": "^/page",
		"target": "/",
		"destination": "security-destination",
		 "scope":"$XSAPPNAME.Display"		
  		}, 
  		{
		"source": "^/adminPage",
		"target": "/adminPage",
		"destination": "security-destination",		
		 "authenticationType": "xsuaa",
		 "scope":"$XSAPPNAME.Update",
		  "csrfProtection": true
  		},{ 
		"source": "^/userPage",
		"target": "/userPage",
		"destination": "security-destination",
		"scope":"$XSAPPNAME.Display"		
		}
	]
}
